0;1;2;3;4;5;Code ES
1;0;0;0;0;0;000003
1;0;0;0;0;0;000026
1;0;0;0;0;0;000112
1;0;0;0;0;0;000138
1;0;0;0;0;0;000716
1;0;0;0;0;0;001109
1;0;0;1;0;0;001393
1;0;0;1;0;0;001676
1;0;0;0;0;0;001691
1;0;0;0;0;0;002101
1;0;0;0;0;0;002239
1;0;0;0;0;0;002340
1;0;0;0;0;0;002775
1;0;0;0;0;0;002798
0;0;0;0;1;0;003035
0;1;0;0;0;0;003460
1;0;0;0;0;0;003483
0;1;0;0;0;0;003570
0;0;0;0;1;0;003718
0;0;1;0;0;0;003719
0;0;1;0;0;0;003734
1;0;0;1;0;0;004004
1;0;0;0;0;0;004127
1;0;0;0;0;0;004233
1;0;0;1;0;0;005135
0;0;1;0;0;0;006071
0;0;0;0;1;0;006075
0;0;0;1;0;0;006511
1;0;0;1;0;0;009459
1;0;0;0;0;0;009477
1;0;0;0;0;0;009491
1;0;0;0;0;0;009504
1;0;0;0;0;0;010012
0;0;0;0;0;1;010195
1;0;0;0;0;0;010241
0;0;0;0;1;0;010250
0;0;0;0;1;0;010319
0;0;0;1;0;0;010322
0;0;0;0;1;0;010369
0;0;0;0;1;0;010384
1;0;0;0;0;0;010399
0;0;1;0;0;0;010431
0;1;0;0;0;0;010506
1;0;0;0;0;0;010507
1;0;0;0;0;0;010525
0;0;1;0;0;0;010584
0;1;0;0;0;0;010718
0;1;0;0;0;0;010745
0;0;1;0;0;0;010746
0;0;0;1;0;0;015075
1;0;0;0;0;0;000015
1;0;0;1;0;0;000030
1;0;0;0;0;0;000062
0;1;0;0;0;0;000085
0;1;0;0;0;0;000097
0;1;0;0;0;0;000111
0;1;0;0;0;0;000133
0;1;0;0;0;0;000158
0;1;0;0;0;0;000164
0;1;0;0;0;0;000183
0;0;0;0;1;0;000295
0;1;0;0;0;0;000428
1;0;0;0;0;0;000501
1;0;0;0;0;0;000502
1;0;0;0;0;0;000503
1;0;0;0;0;0;000504
1;0;0;0;0;0;000505
1;0;0;1;0;0;000506
1;0;0;0;0;0;000509
0;0;1;0;0;0;000511
1;0;0;0;0;0;000513
1;0;0;0;0;0;000514
0;0;1;0;0;0;000515
0;0;1;0;0;0;000518
1;0;0;0;0;0;000519
0;0;1;0;0;0;000520
1;0;0;0;0;0;000521
0;1;0;0;0;0;000522
0;0;1;0;0;0;000523
1;0;0;0;0;0;000524
1;0;0;0;0;0;000526
1;0;0;0;0;0;000530
1;0;0;0;0;0;000531
1;0;0;0;0;0;000536
1;0;0;0;0;0;000540
1;0;0;0;0;0;000541
0;0;1;0;0;0;000545
0;1;0;0;0;0;000546
1;0;0;0;0;0;000547
0;0;1;0;0;0;000549
0;0;1;0;0;0;000551
0;0;1;0;0;0;000561
0;0;0;1;0;0;000641
1;0;0;0;0;0;000958
1;0;0;0;0;0;000961
1;0;0;0;0;0;000966
1;0;0;0;0;0;000969
0;0;0;0;1;0;000979
1;0;0;0;0;0;001177
1;0;0;0;0;0;001227
1;0;0;1;0;0;001229
0;1;0;0;0;0;001243
0;1;0;0;0;0;001248
0;1;0;0;0;0;001253
0;1;0;0;0;0;001364
0;1;0;0;0;0;001368
0;1;0;0;0;0;001369
0;1;0;0;0;0;001373
0;1;0;0;0;0;001396
0;1;0;0;0;0;001399
0;0;1;0;0;0;001404
0;0;1;0;0;0;001412
1;0;0;0;0;0;001518
0;1;0;0;0;0;001548
0;1;0;0;0;0;001553
1;0;0;0;0;0;001570
1;0;0;0;0;0;001581
1;0;0;0;0;0;001674
1;0;0;0;0;0;001675
1;0;0;0;0;0;001678
1;0;0;0;0;0;002019
1;0;0;0;0;0;002034
1;0;0;0;0;0;002039
1;0;0;0;0;0;002091
1;0;0;0;0;0;002131
1;0;0;0;0;0;002222
1;0;0;0;0;0;002233
1;0;0;0;0;0;002382
0;0;0;0;1;0;002409
1;0;0;0;0;0;002703
1;0;0;0;0;0;002726
1;0;0;0;0;0;002803
0;1;0;0;0;0;003027
1;0;0;0;0;0;003079
0;0;1;0;0;0;003096
0;0;1;0;0;0;003102
1;0;0;0;0;0;003123
0;0;0;0;1;0;003157
0;1;0;0;0;0;003165
0;0;0;0;1;0;003167
0;0;0;1;0;0;003218
0;0;0;1;0;0;003241
0;0;0;0;1;0;003272
1;0;0;0;0;0;003297
0;0;1;0;0;0;003324
1;0;0;0;0;0;003342
0;0;0;1;0;0;003344
0;1;0;0;0;0;003351
1;0;0;0;0;0;003363
1;0;0;0;0;0;003434
0;1;0;0;0;0;003452
1;0;0;0;0;0;003456
0;0;0;0;0;1;003479
0;0;0;0;0;1;003530
0;0;0;0;0;1;003567
1;0;0;0;0;0;003599
0;0;0;0;1;0;003608
0;1;0;0;0;0;003642
0;0;0;0;0;1;003652
1;0;0;0;0;0;003688
0;0;1;0;0;0;003701
0;0;0;0;0;1;003712
0;1;0;0;0;0;003737
0;1;0;0;0;0;003745
0;0;0;1;0;0;003778
0;0;1;0;0;0;003781
0;1;0;0;0;0;003799
0;0;0;0;0;1;003860
1;0;0;0;0;0;003873
0;0;0;0;1;0;003890
0;0;0;0;1;0;003895
0;0;0;1;0;0;003922
0;0;0;1;0;0;003948
0;0;0;0;1;0;003965
1;0;0;0;0;0;004042
1;0;0;0;0;0;004131
1;0;0;0;0;0;004214
1;0;0;0;0;0;004216
1;0;0;1;0;0;004218
1;0;0;0;0;0;004219
1;0;0;0;0;0;004220
1;0;0;0;0;0;004311
1;0;0;0;0;0;004508
1;0;0;0;0;0;004530
1;0;0;0;0;0;004546
1;0;0;0;0;0;004562
1;0;0;0;0;0;004571
1;0;0;0;0;0;004575
1;0;0;0;0;0;004803
1;0;0;0;0;0;004830
1;0;0;0;0;0;004861
1;0;0;0;0;0;004870
1;0;0;0;0;0;005010
1;0;0;0;0;0;005138
1;0;0;0;0;0;005469
1;0;0;0;0;0;005659
1;0;0;0;0;0;006002
0;0;1;0;0;0;006167
1;0;0;0;0;0;006171
0;0;0;0;1;0;006376
0;0;0;1;0;0;006532
1;0;0;0;0;0;006778
1;0;0;0;0;0;006835
1;0;0;1;0;0;008021
1;0;0;0;0;0;008093
0;0;1;0;0;0;009029
1;0;0;0;0;0;009077
0;0;1;0;0;0;009083
0;0;1;0;0;0;009089
0;0;1;0;0;0;009094
0;0;1;0;0;0;009102
0;0;0;1;0;0;009129
0;0;0;1;0;0;009144
0;0;0;1;0;0;009232
0;0;0;1;0;0;009448
1;0;0;0;0;0;009503
0;0;0;1;0;0;009505
0;0;0;1;0;0;009508
1;0;0;0;0;0;009512
1;0;0;0;0;0;009532
1;0;0;0;0;0;010057
0;0;1;0;0;0;010086
0;0;0;0;1;0;010111
0;1;0;0;0;0;010258
0;0;0;1;0;0;010261
0;0;0;0;1;0;010264
1;0;0;0;0;0;010265
0;0;1;0;0;0;010269
0;0;0;1;0;0;010271
0;0;0;0;1;0;010297
0;0;1;0;0;0;010317
0;0;1;0;0;0;010318
0;0;0;0;1;0;010333
0;0;0;0;1;0;010370
1;0;0;0;0;0;010373
0;0;0;0;1;0;010396
0;1;0;0;0;0;010416
0;1;0;0;0;0;010429
0;0;0;1;0;0;010441
0;0;1;0;0;0;010447
0;0;0;1;0;0;010470
0;0;0;1;0;0;010510
0;1;0;0;0;0;010520
0;0;0;0;1;0;010524
0;0;0;0;0;1;010545
0;0;0;0;1;0;010546
1;0;0;0;0;0;010549
1;0;0;0;0;0;010562
1;0;0;0;0;0;010567
0;0;0;0;1;0;010636
0;0;0;1;0;0;010692
0;0;1;0;0;0;024015
1;0;0;0;0;0;024016
1;0;0;0;0;0;024019
0;0;0;1;0;0;024023
1;0;0;1;0;0;024024
0;0;0;1;0;0;024025
0;0;0;1;0;0;024032
0;0;0;1;0;0;024033
1;0;0;0;0;0;024034
0;0;0;1;0;0;024035
1;0;0;0;0;0;024036
0;0;0;0;1;0;024037
0;0;1;0;0;0;024038
0;1;0;0;0;0;700002
0;1;0;0;0;0;700003
0;0;0;1;0;0;700940
0;0;0;1;0;0;700658
0;0;0;1;0;0;700005
1;0;0;0;0;0;700714
1;0;0;0;0;0;700010
1;0;0;0;0;0;700325
1;0;0;0;0;0;700467
0;1;0;0;0;0;701230
0;0;0;0;1;0;700019
1;0;0;0;0;0;702021
0;0;0;1;0;0;700469
1;0;0;0;0;0;700157
0;0;0;1;0;0;700461
1;0;0;0;0;0;701369
1;0;0;0;0;0;700161
0;0;0;1;0;0;700364
0;1;0;0;0;0;700023
0;0;0;1;0;0;700024
1;0;0;0;0;0;701913
0;0;0;1;0;0;700733
0;1;0;0;0;0;700353
0;0;1;0;0;0;700627
1;0;0;0;0;0;700093
1;0;0;0;0;0;700027
0;1;0;0;0;0;701142
1;0;0;0;0;0;700028
0;0;1;0;0;0;700122
0;1;0;0;0;0;700258
0;0;0;1;0;0;701339
0;0;0;1;0;0;700343
1;0;0;0;0;0;701474
0;0;0;1;0;0;700149
0;1;0;0;0;0;701407
0;0;0;0;0;1;700034
1;0;0;0;0;0;700344
1;0;0;0;0;0;700035
0;1;0;0;0;0;701312
0;0;1;0;0;0;700939
0;0;0;0;1;0;701264
1;0;0;0;0;0;700252
1;0;0;0;0;0;701366
0;0;0;0;1;0;700038
1;0;0;0;0;0;701192
0;1;0;0;0;0;700289
0;1;0;0;0;0;700460
0;0;0;0;0;1;700039
0;0;1;0;0;0;701181
1;0;0;0;0;0;700125
1;0;0;0;0;0;701581
0;0;0;1;0;0;700398
0;1;0;0;0;0;700450
0;0;0;1;0;0;700044
0;0;1;0;0;0;701927
0;0;0;1;0;0;700342
0;0;0;0;0;1;700836
1;0;0;0;0;0;701674
0;0;0;1;0;0;700371
1;0;0;0;0;0;700718
0;0;0;1;0;0;700882
0;1;0;0;0;0;700403
1;0;0;0;0;0;700049
1;0;0;0;0;0;700191
0;1;0;0;0;0;700474
0;0;1;0;0;0;701660
0;1;0;0;0;0;700163
0;0;0;0;1;0;702248
0;1;0;0;0;0;700052
0;0;0;1;0;0;700382
0;0;0;0;1;0;701273
0;0;0;1;0;0;700386
0;0;0;0;0;1;700462
0;0;0;0;0;1;700388
1;0;0;0;0;0;701522
0;1;0;0;0;0;700060
0;0;1;0;0;0;700975
0;0;0;0;0;1;700414
0;0;0;0;0;1;700062
0;0;0;0;0;1;701253
1;0;0;0;0;0;702058
0;0;0;0;0;1;700393
1;0;0;0;0;0;701163
1;0;0;0;0;0;700798
0;0;0;1;0;0;701514
0;0;0;0;0;1;700392
0;0;0;0;0;1;701653
1;0;0;0;0;0;700067
0;0;0;0;0;1;700390
0;1;0;0;0;0;701975
0;1;0;0;0;0;700897
0;1;0;0;0;0;700144
0;0;0;0;0;1;700641
0;0;1;0;0;0;701379
0;1;0;0;0;0;700071
0;0;1;0;0;0;701731
0;1;0;0;0;0;700318
1;0;0;0;0;0;700198
0;1;0;0;0;0;700843
1;0;0;0;0;0;700383
0;1;0;0;0;0;700075
0;1;0;0;0;0;700117
0;0;0;0;0;1;700672
0;0;0;0;1;0;700402
0;0;0;0;1;0;700405
0;1;0;0;0;0;700661
0;0;0;0;1;0;701147
0;0;0;0;1;0;700605
0;0;1;0;0;0;701981
0;0;0;0;1;0;700346
0;0;0;0;0;1;702181
1;0;0;0;0;0;700082
0;0;0;0;1;0;700895
0;0;1;0;0;0;701059
1;0;0;0;0;0;700086
0;0;0;0;1;0;701210
0;1;0;0;0;0;700234
1;0;0;0;0;0;701206
0;0;1;0;0;0;700914
0;0;1;0;0;0;702229
0;0;0;0;1;0;700088
0;0;0;0;1;0;702096
1;0;0;0;0;0;700415
1;0;0;0;0;0;700771
0;0;1;0;0;0;701846
0;0;0;0;1;0;700444
0;1;0;0;0;0;701171
0;0;1;0;0;0;700106
0;0;0;1;0;0;701655
1;0;0;0;0;0;700409
0;1;0;0;0;0;700947
0;0;1;0;0;0;701760
1;0;0;0;0;0;700441
1;0;0;0;0;0;701345
1;0;0;0;0;0;700495
1;0;0;0;0;0;700458
1;0;0;0;0;0;700103
1;0;0;0;0;0;700356
0;1;0;0;0;0;701985
0;1;0;0;0;0;700400
0;0;0;0;0;1;701977
1;0;0;0;0;0;700107
0;1;0;0;0;0;700438
0;0;0;0;0;1;700300
0;0;1;0;0;0;700109
0;0;0;0;0;1;701410
0;0;0;0;1;0;700265
0;0;0;1;0;0;702071
0;0;0;0;0;1;700401
1;0;0;1;0;0;701870
0;1;0;0;0;0;700116
0;0;0;0;1;0;700487
0;0;1;0;0;0;701325
1;0;0;0;0;0;700118
0;0;0;0;1;0;702226
1;0;0;0;0;0;700119
0;1;0;0;0;0;701457
0;1;0;0;0;0;700280
0;0;1;0;0;0;702017
0;0;0;0;1;0;701222
0;0;1;0;0;0;701700
0;0;0;0;0;1;700369
1;0;0;0;0;0;700286
1;0;0;0;0;0;701292
1;0;0;0;0;0;700126
0;1;0;0;0;0;700558
0;0;0;0;0;1;700240
0;0;0;0;0;1;700128
1;0;0;0;0;0;700862
0;0;0;0;0;1;701364
1;0;0;0;0;0;700454
0;0;1;0;0;0;701678
0;1;0;0;0;0;700137
0;0;0;1;0;0;701341
0;0;1;0;0;0;700515
1;0;0;0;0;0;700954
0;0;0;0;1;0;700138
0;0;1;0;0;0;700422
1;0;0;0;0;0;700418
0;0;1;0;0;0;702178
0;0;1;0;0;0;700139
0;1;0;0;0;0;700865
0;0;1;0;0;0;700381
1;0;0;0;0;0;700360
1;0;0;0;0;0;700141
0;0;1;0;0;0;701039
1;0;0;0;0;0;700142
0;0;0;0;1;0;701160
0;0;0;0;0;1;701087
1;0;0;0;0;0;700639
0;1;0;0;0;0;700167
0;0;0;0;1;0;700148
0;0;1;0;0;0;700903
0;0;1;0;0;0;701932
0;0;1;0;0;0;700442
0;0;1;0;0;0;701418
0;1;0;0;0;0;700682
0;0;1;0;0;0;701933
0;0;1;0;0;0;700301
1;0;0;0;0;0;700763
0;0;1;0;0;0;700910
0;0;0;1;0;0;700170
0;0;0;1;0;0;700183
0;0;0;0;1;0;701148
1;0;0;0;0;0;700359
0;0;1;0;0;0;700407
0;1;0;0;0;0;700242
0;0;0;0;0;1;700158
0;0;1;0;0;0;701573
0;0;0;1;0;0;700159
0;0;1;0;0;0;700446
0;1;0;0;0;0;700164
0;0;1;0;0;0;700217
0;0;1;0;0;0;700339
0;0;0;0;1;0;701910
1;0;0;0;0;0;700165
0;1;0;0;0;0;700691
0;0;0;0;1;0;702042
0;0;1;0;0;0;700413
0;0;1;0;0;0;701609
1;0;0;0;0;0;700506
0;0;1;0;0;0;700168
0;0;1;0;0;0;701346
1;0;0;0;0;0;701348
0;0;0;0;1;0;700916
0;0;0;0;1;0;701399
0;1;0;0;0;0;700174
1;0;0;0;0;0;701383
0;0;1;0;0;0;700430
0;0;0;0;1;0;701201
0;0;0;1;0;0;700284
0;0;1;0;0;0;700448
0;1;0;0;0;0;701320
1;0;0;0;0;0;700408
0;0;1;0;0;0;701437
1;0;0;0;0;0;700542
0;0;1;0;0;0;702036
1;0;0;0;0;0;700775
1;0;0;0;0;0;700363
0;1;0;0;0;0;700186
0;1;0;0;0;0;700423
0;1;0;0;0;0;700254
0;0;0;0;1;0;701386
0;1;0;0;0;0;700764
0;0;1;0;0;0;701275
1;0;0;0;0;0;701393
0;1;0;0;0;0;700192
0;0;0;0;0;1;701541
0;0;1;0;0;0;700470
1;0;0;0;0;0;700765
0;0;0;1;0;0;700194
0;0;0;0;1;0;700951
0;1;0;0;0;0;701717
0;0;1;0;0;0;700814
0;0;0;0;1;0;701095
0;0;1;0;0;0;700196
0;0;1;0;0;0;700704
0;0;0;0;1;0;701368
0;0;0;0;1;0;700199
0;0;0;0;1;0;700552
0;0;0;0;1;0;700200
0;0;1;0;0;0;700840
0;1;0;0;0;0;700502
0;1;0;0;0;0;700345
0;1;0;0;0;0;700735
1;0;0;0;0;0;700206
0;1;0;0;0;0;701217
1;0;0;0;0;0;700207
0;0;0;0;1;0;700449
0;0;1;0;0;0;700347
0;0;1;0;0;0;700599
1;0;0;0;0;0;700213
0;0;0;1;0;0;700887
0;0;0;0;1;0;700688
0;1;0;0;0;0;700215
0;0;0;1;0;0;701896
0;0;1;0;0;0;701317
0;0;1;0;0;0;700338
0;0;0;0;1;0;701438
0;0;0;0;1;0;700813
0;0;1;0;0;0;700705
0;0;0;1;0;0;701031
0;0;0;0;1;0;700220
0;0;1;0;0;0;701068
0;0;1;0;0;0;700324
0;0;0;0;1;0;700459
0;0;0;0;1;0;700773
0;1;0;0;0;0;701465
0;0;1;0;0;0;700227
0;1;0;0;0;0;702086
1;0;0;0;0;0;700544
1;0;0;0;0;0;701990
0;0;0;1;0;0;700563
0;0;0;1;0;0;702112
1;0;0;0;0;0;700232
0;0;1;0;0;0;700236
1;0;0;0;0;0;700238
0;1;0;0;0;0;702136
0;0;1;0;0;0;700239
0;0;0;1;0;0;701043
0;0;1;0;0;0;701945
0;0;1;0;0;0;701490
0;0;0;1;0;0;702092
1;0;0;0;0;0;700615
0;0;0;0;1;0;702275
1;0;0;0;0;0;700244
0;1;0;0;0;0;701682
1;0;0;0;0;0;700660
0;0;0;0;1;0;701288
0;0;1;0;0;0;700245
1;0;0;0;0;0;702124
1;0;0;0;0;0;701798
1;0;0;0;0;0;701923
0;0;0;0;1;0;701169
0;1;0;0;0;0;700465
0;0;0;0;1;0;701415
0;0;1;0;0;0;700259
0;0;0;0;1;0;700313
0;0;0;0;1;0;701647
0;0;0;0;1;0;700262
0;1;0;0;0;0;700644
0;0;1;0;0;0;700796
0;0;1;0;0;0;701335
0;0;0;0;1;0;700310
0;0;0;0;1;0;700500
0;0;0;1;0;0;701737
0;1;0;0;0;0;700427
0;0;0;1;0;0;701347
0;1;0;0;0;0;700712
0;0;1;0;0;0;700268
0;0;1;0;0;0;700864
0;1;0;0;0;0;700385
0;0;0;0;1;0;700875
1;0;0;0;0;0;701191
0;0;0;1;0;0;700378
0;0;0;1;0;0;700751
0;0;1;0;0;0;700276
0;1;0;0;0;0;702040
0;0;1;0;0;0;700287
0;1;0;0;0;0;700496
0;0;0;1;0;0;701269
0;0;1;0;0;0;700282
1;0;0;0;0;0;701897
0;0;0;1;0;0;700387
0;0;1;0;0;0;700290
0;1;0;0;0;0;700857
0;1;0;0;0;0;700832
0;0;1;0;0;0;700292
0;0;0;1;0;0;700579
1;0;0;0;0;0;701697
0;1;0;0;0;0;700302
0;0;0;0;1;0;702299
1;0;0;0;0;0;700307
0;1;0;0;0;0;702001
1;0;0;0;0;0;700308
0;0;0;0;1;0;702063
0;0;0;1;0;0;700589
0;1;0;0;0;0;700932
0;1;0;0;0;0;701227
0;0;0;0;0;1;701400
0;0;0;0;1;0;701110
0;1;0;0;0;0;700885
0;0;0;1;0;0;701570
1;0;0;0;0;0;700923
1;0;0;0;0;0;701710
0;0;0;1;0;0;700486
0;0;1;0;0;0;700845
0;0;0;0;1;0;700326
0;0;0;1;0;0;700327
0;0;0;0;1;0;700551
0;1;0;0;0;0;702007
0;0;0;0;1;0;700738
1;0;0;0;0;0;701623
1;0;0;0;0;0;700335
0;0;0;0;1;0;701557
0;0;1;0;0;0;700336
0;0;1;0;0;0;700337
1;0;0;0;0;0;700878
0;1;0;0;0;0;701296
0;0;0;0;1;0;700807
0;0;0;0;1;0;701250
0;0;1;0;0;0;700341
0;0;0;1;0;0;700842
1;0;0;0;0;0;701567
0;1;0;0;0;0;701044
1;0;0;0;0;0;700667
0;1;0;0;0;0;701770
0;1;0;0;0;0;700478
0;0;0;0;1;0;702277
0;1;0;0;0;0;700630
0;0;0;0;1;0;701390
0;0;1;0;0;0;701367
0;0;0;0;1;0;700560
0;0;0;1;0;0;700404
0;0;0;1;0;0;701649
0;0;0;1;0;0;700475
0;1;0;0;0;0;701091
0;0;0;0;0;1;700396
1;0;0;0;0;0;701391
1;0;0;0;0;0;700685
0;0;0;0;0;1;700548
1;0;0;0;0;0;700609
1;0;0;0;0;0;700488
1;0;0;0;0;0;700989
0;0;1;0;0;0;700937
1;0;0;0;0;0;701970
0;0;0;1;0;0;700792
0;0;0;1;0;0;701401
0;0;1;0;0;0;700420
1;0;0;0;0;0;701337
0;1;0;0;0;0;700645
0;0;0;0;0;1;701804
0;0;0;1;0;0;701687
0;1;0;0;0;0;700901
0;0;1;0;0;0;700851
0;0;1;0;0;0;700634
0;0;0;1;0;0;700732
0;1;0;0;0;0;701203
0;0;0;1;0;0;700701
0;0;1;0;0;0;701318
0;0;0;0;1;0;700447
1;0;0;0;0;0;700581
0;0;1;0;0;0;701524
0;1;0;0;0;0;700451
0;0;0;1;0;0;701648
0;0;1;0;0;0;701254
1;0;0;0;0;0;701683
0;0;1;0;0;0;700742
1;0;0;0;0;0;701880
0;0;0;1;0;0;701308
0;0;0;0;1;0;700617
0;1;0;0;0;0;701362
0;0;1;0;0;0;700477
0;0;0;0;1;0;702004
1;0;0;0;0;0;700479
0;0;0;0;0;1;700740
0;0;0;1;0;0;701073
0;0;0;0;1;0;700484
0;0;0;0;0;1;700510
1;0;0;0;0;0;701208
1;0;0;0;0;0;700518
0;1;0;0;0;0;701783
0;0;0;1;0;0;700490
0;1;0;0;0;0;701098
1;0;0;0;0;0;701126
0;0;0;0;1;0;700568
0;0;1;0;0;0;701799
0;0;1;0;0;0;700632
0;0;0;1;0;0;701034
1;0;0;0;0;0;700681
0;0;1;0;0;0;700507
0;1;0;0;0;0;700720
0;1;0;0;0;0;700820
0;0;0;0;0;1;701986
1;0;0;0;0;0;700598
0;1;0;0;0;0;700517
0;0;0;1;0;0;701170
0;0;0;0;1;0;700519
0;0;0;1;0;0;701104
0;0;0;1;0;0;700539
0;0;1;0;0;0;701444
0;0;0;1;0;0;700524
0;1;0;0;0;0;701354
0;0;0;0;1;0;700528
0;0;0;1;0;0;700529
0;1;0;0;0;0;700854
1;0;0;0;0;0;700534
0;0;0;1;0;0;700844
1;0;0;0;0;0;700876
0;0;0;0;1;0;701594
0;0;0;1;0;0;700537
0;0;0;0;0;1;701448
0;1;0;0;0;0;700904
0;0;0;0;0;1;701483
0;0;0;0;1;0;700538
0;1;0;0;0;0;701718
0;0;0;1;0;0;700696
0;0;1;0;0;0;702167
1;0;0;0;0;0;700550
0;0;0;1;0;0;701800
0;0;0;1;0;0;701088
0;0;0;0;1;0;700559
0;0;0;0;1;0;700561
0;1;0;0;0;0;700745
0;0;0;1;0;0;700570
0;0;0;1;0;0;700651
0;0;0;0;0;1;700673
0;0;0;1;0;0;701422
1;0;0;0;0;0;700608
0;0;0;0;0;1;701439
1;0;0;0;0;0;700588
1;0;0;0;0;0;701228
0;0;0;1;0;0;700635
0;0;0;1;0;0;700593
0;0;1;0;0;0;700657
0;0;0;1;0;0;702034
0;0;0;0;1;0;700601
0;0;1;0;0;0;701139
0;0;1;0;0;0;700603
0;0;0;1;0;0;700706
1;0;0;0;0;0;700612
0;0;0;0;0;1;701670
0;0;0;1;0;0;700918
0;0;0;1;0;0;701597
0;0;0;0;1;0;700623
0;0;0;1;0;0;702140
0;0;0;1;0;0;700806
0;0;0;1;0;0;700640
0;0;0;1;0;0;701213
0;0;0;1;0;0;702214
0;1;0;0;0;0;700652
0;0;0;0;0;1;701745
0;0;0;1;0;0;701172
0;0;0;1;0;0;700656
0;0;0;1;0;0;701242
0;0;1;0;0;0;700803
0;0;1;0;0;0;700958
1;0;0;0;0;0;700955
0;0;0;1;0;0;700668
0;0;0;1;0;0;701803
0;0;0;1;0;0;700686
1;0;0;0;0;0;700692
0;0;0;0;0;1;701502
1;0;0;0;0;0;700694
0;0;1;0;0;0;700698
0;1;0;0;0;0;701708
0;1;0;0;0;0;700703
1;0;0;0;0;0;701586
0;0;0;0;1;0;700815
0;0;0;1;0;0;701837
1;0;0;0;0;0;700849
0;0;0;0;0;1;701857
0;1;0;0;0;0;701612
0;1;0;0;0;0;700867
0;0;0;0;0;1;700770
1;0;0;0;0;0;700734
0;0;1;0;0;0;700931
0;0;0;0;0;1;701461
0;0;0;0;1;0;700737
1;0;0;0;0;0;702278
1;0;0;0;0;0;700741
0;0;0;0;0;1;700935
1;0;0;0;0;0;700746
0;0;0;0;1;0;700787
0;0;0;1;0;0;702142
0;0;0;1;0;0;700755
0;0;0;1;0;0;701704
0;0;0;1;0;0;700757
0;0;0;0;1;0;701176
0;0;1;0;0;0;701727
0;0;0;0;0;1;700769
0;1;0;0;0;0;701074
0;1;0;0;0;0;700794
0;0;0;0;1;0;700823
0;0;1;0;0;0;700900
0;1;0;0;0;0;701755
0;0;0;1;0;0;700831
0;1;0;0;0;0;701966
0;0;0;1;0;0;700847
0;0;0;0;0;1;701921
0;0;0;1;0;0;700884
0;1;0;0;0;0;700946
0;0;0;1;0;0;701884
0;0;0;1;0;0;700948
0;0;0;1;0;0;701692
0;0;1;0;0;0;701470
0;1;0;0;0;0;700956
0;0;0;0;1;0;701511
0;0;0;0;0;1;701666
0;1;0;0;0;0;700970
1;0;0;0;0;0;701375
0;0;1;0;0;0;700974
0;1;0;0;0;0;701752
0;1;0;0;0;0;702059
0;0;1;0;0;0;700976
0;0;0;0;1;0;700978
0;0;0;0;0;1;701468
0;0;0;0;1;0;700979
0;0;0;0;0;1;700981
0;0;0;1;0;0;700982
1;0;0;0;0;0;700990
1;0;0;0;0;0;700992
0;0;0;0;1;0;701256
0;0;0;1;0;0;700994
0;0;1;0;0;0;700995
0;0;0;1;0;0;701270
0;0;1;0;0;0;701000
0;0;1;0;0;0;701002
0;0;0;1;0;0;701608
0;0;0;0;1;0;701003
0;0;1;0;0;0;701004
0;1;0;0;0;0;701972
0;0;0;1;0;0;701005
0;0;0;1;0;0;701440
0;0;0;1;0;0;701006
0;1;0;0;0;0;701012
0;0;0;1;0;0;701420
0;0;0;1;0;0;701013
0;1;0;0;0;0;701949
0;0;1;0;0;0;701015
0;0;1;0;0;0;701112
0;0;0;0;0;1;701017
1;0;0;0;0;0;701635
0;0;1;0;0;0;701018
0;0;0;1;0;0;701553
0;0;1;0;0;0;701024
0;0;0;1;0;0;701499
1;0;0;0;0;0;701025
0;0;0;0;0;1;701027
1;0;0;0;0;0;702073
0;0;0;1;0;0;701517
1;0;0;0;0;0;701038
0;0;0;0;0;1;702168
0;0;0;1;0;0;701421
0;0;1;0;0;0;701041
0;0;0;0;1;0;701706
0;0;1;0;0;0;701626
0;0;0;0;1;0;701054
0;0;1;0;0;0;701137
0;0;0;0;0;1;701055
0;0;0;0;1;0;701548
0;0;0;0;0;1;701056
0;0;0;0;1;0;701101
0;0;0;0;0;1;701105
0;0;0;1;0;0;701067
0;0;0;0;1;0;701224
0;0;0;1;0;0;702204
1;0;0;0;0;0;701075
0;0;0;0;0;1;701077
0;0;0;1;0;0;701571
0;0;0;1;0;0;701078
1;0;0;0;0;0;701188
0;0;0;1;0;0;701079
0;0;0;1;0;0;701963
0;0;0;1;0;0;701080
0;0;0;0;0;1;701313
0;0;1;0;0;0;701086
0;0;0;0;1;0;701618
0;0;1;0;0;0;701848
1;0;0;0;0;0;701585
0;0;0;0;1;0;701096
0;0;0;0;0;1;701143
0;0;0;1;0;0;701103
0;1;0;0;0;0;701106
0;0;1;0;0;0;702152
0;0;0;0;0;1;701924
0;0;0;1;0;0;701113
0;0;0;1;0;0;701114
0;0;0;1;0;0;701735
0;1;0;0;0;0;702207
0;0;0;1;0;0;701118
0;0;0;1;0;0;701446
0;0;1;0;0;0;701123
0;1;0;0;0;0;702128
0;0;0;1;0;0;701124
1;0;0;0;0;0;701830
0;0;1;0;0;0;701128
0;0;0;1;0;0;701652
0;1;0;0;0;0;701129
0;0;0;1;0;0;701132
0;0;0;1;0;0;702166
0;0;0;0;0;1;702141
0;0;0;0;0;1;701145
0;0;0;0;0;1;701488
0;0;0;1;0;0;702190
0;1;0;0;0;0;701310
0;0;0;1;0;0;701154
0;0;0;1;0;0;701156
0;1;0;0;0;0;702273
0;0;0;0;1;0;701860
0;0;0;0;1;0;701162
1;0;0;0;0;0;701168
0;0;0;0;0;1;702196
1;0;0;0;0;0;701449
0;0;0;0;0;1;701629
0;0;0;0;1;0;701179
0;1;0;0;0;0;701301
0;1;0;0;0;0;701184
0;0;0;0;1;0;701187
0;0;0;0;0;1;701955
0;0;0;0;0;1;702076
0;1;0;0;0;0;701640
0;0;0;1;0;0;701389
0;0;0;0;0;1;701195
0;1;0;0;0;0;701838
0;1;0;0;0;0;701659
0;0;0;1;0;0;701205
0;0;0;1;0;0;702272
0;0;0;0;1;0;701740
0;0;0;0;1;0;701754
0;0;0;1;0;0;701487
0;0;1;0;0;0;701512
0;0;0;1;0;0;701583
0;0;0;0;1;0;701232
0;0;0;0;0;1;701686
1;0;0;0;0;0;701920
0;0;0;0;0;1;702029
0;0;0;1;0;0;701806
0;0;0;1;0;0;701996
0;0;0;1;0;0;701261
0;0;0;0;0;1;701832
0;0;0;1;0;0;701762
0;0;0;0;0;1;702062
0;0;0;0;1;0;701280
0;0;0;0;0;1;701460
0;0;0;0;1;0;701918
0;0;0;1;0;0;702095
0;0;0;1;0;0;701299
0;0;0;0;0;1;701867
1;0;0;0;0;0;701300
1;0;0;0;0;0;702289
0;0;0;1;0;0;701303
0;0;0;1;0;0;701849
0;0;0;1;0;0;701886
0;0;0;0;1;0;701309
0;0;1;0;0;0;701582
0;1;0;0;0;0;702139
0;0;0;0;0;1;701315
0;0;1;0;0;0;702064
0;0;1;0;0;0;701721
1;0;0;0;0;0;701319
0;0;0;0;0;1;701808
0;0;0;0;0;1;701329
1;0;0;0;0;0;702194
0;0;0;0;0;1;701338
0;0;0;0;1;0;701925
0;1;0;0;0;0;702133
0;0;0;0;1;0;701953
0;0;0;0;0;1;701519
0;0;0;1;0;0;701763
0;0;0;1;0;0;701358
0;0;0;0;0;1;701669
0;1;0;0;0;0;701743
1;0;0;0;0;0;701712
0;0;0;0;0;1;702106
1;0;0;0;0;0;701380
0;0;0;1;0;0;701381
0;0;0;1;0;0;701568
0;0;0;0;1;0;701530
0;0;0;1;0;0;701905
0;0;0;1;0;0;701403
0;0;1;0;0;0;701467
0;0;0;1;0;0;701486
0;0;0;0;0;1;701396
1;0;0;0;0;0;701397
0;0;0;1;0;0;701485
0;0;0;1;0;0;701600
0;1;0;0;0;0;702163
0;0;0;1;0;0;701404
0;0;0;1;0;0;701495
0;0;1;0;0;0;702302
1;0;0;0;0;0;701416
1;0;0;0;0;0;701417
0;0;0;0;1;0;701455
1;0;0;0;0;0;702068
0;0;0;0;1;0;702146
0;0;0;1;0;0;702200
0;0;1;0;0;0;701948
0;1;0;0;0;0;701498
0;1;0;0;0;0;701702
0;0;0;1;0;0;701662
0;1;0;0;0;0;701590
0;1;0;0;0;0;701453
0;1;0;0;0;0;702102
0;0;1;0;0;0;701759
0;0;0;1;0;0;702009
1;0;0;0;0;0;701462
0;0;0;0;0;1;701466
0;0;0;1;0;0;702132
0;0;0;0;0;1;701471
0;1;0;0;0;0;702145
0;0;0;0;1;0;701684
0;0;1;0;0;0;701627
0;0;0;0;1;0;702162
0;0;0;1;0;0;701494
0;0;1;0;0;0;701535
0;0;0;0;0;1;701878
0;0;0;1;0;0;701607
0;0;0;0;0;1;702121
0;0;0;0;0;1;701504
0;1;0;0;0;0;702047
0;1;0;0;0;0;701797
0;0;0;0;0;1;701828
0;0;0;0;0;1;701534
0;1;0;0;0;0;701536
1;0;0;0;0;0;702218
0;0;0;0;0;1;701855
0;1;0;0;0;0;701542
0;0;0;0;1;0;701546
0;0;1;0;0;0;701821
0;0;0;0;0;1;701547
0;0;0;0;0;1;701550
0;1;0;0;0;0;702144
0;0;0;0;0;1;701556
0;0;0;0;1;0;701579
0;0;0;0;1;0;701559
0;0;0;0;0;1;701631
0;0;0;0;0;1;701564
0;0;0;1;0;0;702172
0;0;0;1;0;0;701604
0;0;0;1;0;0;702093
0;0;0;1;0;0;701746
0;0;0;0;1;0;702114
0;1;0;0;0;0;701772
0;0;1;0;0;0;701584
0;0;0;0;1;0;702151
0;0;1;0;0;0;702245
0;0;0;0;0;1;701603
0;0;0;0;1;0;701891
0;0;0;0;1;0;701845
1;0;0;0;0;0;701663
0;1;0;0;0;0;701614
0;0;0;1;0;0;702005
0;0;0;0;1;0;701728
0;1;0;0;0;0;701685
0;0;0;1;0;0;701842
0;0;0;1;0;0;701632
0;0;0;0;0;1;702153
1;0;0;0;0;0;702202
0;0;1;0;0;0;701995
0;1;0;0;0;0;701650
0;0;1;0;0;0;701984
0;0;0;1;0;0;701834
1;0;0;0;0;0;701658
0;0;0;0;1;0;702290
0;1;0;0;0;0;701711
0;0;1;0;0;0;701964
0;0;0;1;0;0;701771
1;0;0;0;0;0;702085
0;0;0;0;0;1;702304
0;0;0;0;0;1;702287
0;0;0;1;0;0;701688
0;0;0;0;1;0;702261
0;0;0;0;1;0;702263
0;0;0;0;1;0;701693
0;0;1;0;0;0;702222
0;1;0;0;0;0;701694
1;0;0;0;0;0;701695
0;0;0;0;0;1;701888
0;0;0;0;0;1;701699
0;0;0;0;0;1;702285
0;1;0;0;0;0;701813
0;0;1;0;0;0;701713
0;0;0;0;0;1;702177
1;0;0;0;0;0;701724
0;0;0;1;0;0;701732
0;1;0;0;0;0;701734
1;0;0;0;0;0;701809
0;0;0;1;0;0;702022
0;0;0;1;0;0;702016
1;0;0;0;0;0;701741
0;0;0;1;0;0;702236
0;0;0;1;0;0;701747
0;0;0;0;0;1;701765
0;0;0;1;0;0;701784
0;0;1;0;0;0;702319
0;0;1;0;0;0;701777
0;0;1;0;0;0;701780
0;0;0;1;0;0;701785
0;0;0;1;0;0;702252
0;0;1;0;0;0;701790
0;1;0;0;0;0;701791
0;1;0;0;0;0;701916
0;0;1;0;0;0;701802
0;0;0;1;0;0;701868
0;0;0;0;1;0;702099
1;0;0;0;0;0;702223
0;1;0;0;0;0;702113
0;0;0;0;1;0;701816
0;0;0;0;1;0;701822
0;0;0;1;0;0;701823
0;0;1;0;0;0;702288
0;0;0;1;0;0;701843
0;0;0;0;0;1;702217
0;0;1;0;0;0;702249
0;0;0;1;0;0;701851
0;0;0;0;0;1;702104
0;1;0;0;0;0;701863
0;1;0;0;0;0;701876
0;0;0;1;0;0;702192
0;0;1;0;0;0;701960
0;0;0;0;0;1;702244
1;0;0;0;0;0;702224
0;1;0;0;0;0;702147
0;0;1;0;0;0;702126
0;1;0;0;0;0;702049
1;0;0;0;0;0;702053
0;0;0;0;0;1;702227
0;0;0;0;1;0;702069
0;0;0;1;0;0;702082
0;0;0;0;0;1;702158
1;0;0;0;0;0;702291
0;1;0;0;0;0;702135
0;0;0;1;0;0;702148
0;0;0;1;0;0;702253
1;0;0;0;0;0;702257
0;0;1;0;0;0;702262
0;0;0;1;0;0;700197
0;0;0;0;1;0;700221
0;1;0;0;0;0;700566
0;0;0;0;1;0;700643
0;0;0;0;0;1;700666
0;0;1;0;0;0;700697
1;0;0;0;0;0;700812
0;0;0;0;0;1;700830
0;0;1;0;0;0;700871
0;1;0;0;0;0;701443
0;0;0;1;0;0;701691
0;0;0;1;0;0;701778
0;0;0;1;0;0;701958
0;0;0;1;0;0;702035
1;0;0;0;0;0;702081
0;0;0;1;0;0;702212
0;0;0;0;0;1;702232
0;0;0;0;1;0;702294
1;0;0;0;0;0;702346
0;0;0;1;0;0;702349
0;1;0;0;0;0;702352
0;0;1;0;0;0;702366
0;0;0;0;1;0;702372
0;0;0;0;1;0;702380
0;0;1;0;0;0;702386
0;0;0;0;1;0;702387
0;0;0;1;0;0;702388
0;0;0;0;0;1;702389
0;0;0;0;0;1;702390
0;0;0;0;1;0;702391
0;0;0;0;1;0;702392
0;0;0;0;1;0;702393
0;0;0;0;1;0;702394
0;0;0;1;0;0;702395
0;0;0;1;0;0;702396
0;0;0;1;0;0;702397
0;0;1;0;0;0;702398
0;0;1;0;0;0;702399
0;0;1;0;0;0;83799
0;0;0;0;0;1;98183
0;0;0;0;1;0;83872
0;1;0;0;0;0;83861
0;0;1;0;0;0;83870
0;0;1;0;0;0;83798
0;0;1;0;0;0;98541
0;0;1;0;0;0;98870
0;0;1;0;0;0;98725
0;0;1;0;0;0;98542
0;0;1;0;0;0;83857
0;0;0;0;0;1;83957
0;0;0;0;0;1;98582
0;0;0;0;0;1;98177
0;0;0;0;0;1;98968
0;0;0;0;0;1;83783
0;0;0;0;0;1;83696
0;0;0;0;0;1;83782
0;0;0;0;0;1;83910
0;0;0;0;0;1;83797
0;0;0;0;0;1;83911
0;0;0;0;0;1;83712
0;0;0;0;0;1;97780
0;0;0;0;0;1;83854
0;0;0;0;0;1;83846
0;1;0;0;0;0;98752
0;0;0;0;0;1;98357
0;0;0;0;1;0;98430
0;0;0;0;0;1;98172
0;0;1;0;0;0;83753
0;0;1;0;0;0;83439
0;0;0;1;0;0;97787
0;0;0;1;0;0;98431
0;0;0;0;0;1;98360
0;0;0;0;0;1;97838
0;1;0;0;0;0;83638
0;0;0;0;0;1;97976
0;0;0;0;0;1;83773
0;0;0;0;0;1;97977
0;1;0;0;0;0;83626
0;0;0;0;1;0;97577
0;1;0;0;0;0;97933
0;1;0;0;0;0;83825
0;0;1;0;0;0;83903
0;1;0;0;0;0;98336
0;0;0;0;1;0;97802
0;0;1;0;0;0;98324
0;0;0;0;1;0;98860
0;0;1;0;0;0;97773
0;0;1;0;0;0;97772
0;0;1;0;0;0;98869
0;0;1;0;0;0;98653
0;0;0;0;1;0;98651
0;1;0;0;0;0;97934
0;0;0;0;1;0;83623
0;0;0;0;0;1;83639
0;0;0;0;1;0;83823
0;0;0;0;0;1;97774
0;1;0;0;0;0;98411
0;1;0;0;0;0;83681
0;1;0;0;0;0;98343
0;0;1;0;0;0;98347
0;0;0;0;0;1;98349
0;0;1;0;0;0;98337
0;0;1;0;0;0;97924
0;0;1;0;0;0;83824
0;0;0;0;0;1;83841
0;0;0;0;1;0;98261
0;0;0;0;1;0;83440
0;0;1;0;0;0;98650
0;0;1;0;0;0;97815
0;1;0;0;0;0;97883
0;0;0;0;1;0;83956
0;0;0;1;0;0;83460
0;0;0;1;0;0;98318
0;0;0;0;0;1;98294
0;1;0;0;0;0;83644
0;0;0;0;1;0;98550
0;1;0;0;0;0;83866
0;1;0;0;0;0;98410
0;0;1;0;0;0;83745
0;0;1;0;0;0;98654
0;0;1;0;0;0;98537
0;0;1;0;0;0;83837
0;0;1;0;0;0;83755
0;0;1;0;0;0;83646
0;0;1;0;0;0;98540
0;0;1;0;0;0;98140
0;0;1;0;0;0;83746
1;0;0;0;0;0;98358
0;1;0;0;0;0;83893
0;0;0;1;0;0;83887
0;1;0;0;0;0;98786
0;0;1;0;0;0;97970
0;0;1;0;0;0;83988
0;0;1;0;0;0;83444
0;0;1;0;0;0;98138
0;0;1;0;0;0;83443
0;0;0;1;0;0;98178
0;0;1;0;0;0;83969
0;0;1;0;0;0;83431
0;0;1;0;0;0;98298
0;0;0;1;0;0;83942
0;1;0;0;0;0;83435
0;1;0;0;0;0;98344
0;0;0;1;0;0;83855
0;0;0;1;0;0;98284
0;0;0;0;0;1;98937
0;0;0;1;0;0;98552
0;0;0;1;0;0;83621
0;0;0;1;0;0;83690
0;0;0;1;0;0;97511
0;0;0;0;0;1;98942
0;0;0;0;0;1;98340
0;0;0;1;0;0;83737
0;0;0;0;0;1;98073
0;0;0;0;0;1;98317
1;0;0;0;0;0;97602
0;0;0;1;0;0;83636
0;0;0;0;0;1;83403
0;0;0;0;0;1;98267
0;0;0;0;0;1;97940
0;0;0;1;0;0;97568
0;0;0;0;0;1;83447
0;0;0;0;0;1;83780
0;1;0;0;0;0;97595
0;1;0;0;0;0;98288
0;0;0;0;0;1;97580
0;0;0;0;0;1;83763
0;0;0;0;0;1;83781
1;0;0;0;0;0;98289
0;0;0;0;0;1;97576
0;0;0;1;0;0;97639
0;0;0;0;0;1;83438
1;0;0;0;0;0;83642
0;0;0;0;0;1;97579
0;0;0;0;0;1;83924
0;0;0;0;1;0;98291
0;0;0;0;0;1;83847
0;0;0;0;0;1;98581
0;0;0;0;0;1;97818
1;0;0;0;0;0;98436
0;0;0;0;0;1;83941
0;0;0;0;0;1;83871
0;0;0;0;0;1;83816
0;0;0;1;0;0;97912
0;1;0;0;0;0;97913
0;0;0;0;0;1;83724
0;0;0;0;0;1;98900
0;0;0;0;0;1;83695
0;0;0;0;0;1;98304
0;0;0;0;0;1;83950
0;0;0;0;0;1;83925
0;0;0;0;0;1;83881
0;0;0;0;0;1;83419
0;0;0;0;0;1;83949
0;0;0;0;0;1;97594
0;0;0;0;0;1;83811
0;0;0;1;0;0;83416
0;0;0;0;0;1;83787
0;0;0;0;0;1;83774
0;0;0;0;0;1;83652
0;0;0;0;0;1;83766
0;0;1;0;0;0;98829
0;0;0;0;0;1;97583
0;0;0;0;0;1;98075
0;0;0;0;0;1;83926
0;0;0;0;0;1;83814
1;0;0;0;0;0;98990
0;0;0;0;0;1;97587
0;0;0;0;0;1;83629
0;0;0;0;0;1;83948
0;0;0;0;0;1;83669
0;0;0;0;0;1;83448
0;0;0;0;0;1;83727
0;0;0;0;0;1;83907
0;0;0;0;0;1;97704
0;0;0;1;0;0;83885
0;0;0;0;0;1;98072
0;0;0;0;0;1;83946
0;0;0;0;0;1;83630
0;0;0;0;0;1;97951
0;0;0;0;0;1;83423
0;1;0;0;0;0;83411
0;0;0;0;0;1;83962
0;0;0;0;1;0;98781
0;1;0;0;0;0;97564
0;0;0;1;0;0;98355
0;1;0;0;0;0;83428
0;0;0;1;0;0;98283
0;1;0;0;0;0;83928
0;0;0;0;1;0;83795
0;0;1;0;0;0;83908
1;0;0;0;0;0;83775
0;0;0;0;1;0;98179
0;0;1;0;0;0;83462
0;0;0;0;0;1;98074
0;0;1;0;0;0;83725
0;1;0;0;0;0;83972
0;0;0;1;0;0;97651
0;1;0;0;0;0;83667
0;1;0;0;0;0;83453
0;1;0;0;0;0;83777
0;1;0;0;0;0;98548
0;0;0;0;1;0;98189
0;0;0;1;0;0;98297
0;1;0;0;0;0;83680
0;1;0;0;0;0;98944
0;1;0;0;0;0;98309
0;1;0;0;0;0;98435
0;1;0;0;0;0;97591
0;1;0;0;0;0;97985
0;1;0;0;0;0;83633
0;0;0;1;0;0;83990
0;0;0;1;0;0;83989
0;0;0;0;0;1;98945
0;0;0;1;0;0;83894
0;1;0;0;0;0;98359
0;0;0;1;0;0;98793
0;1;0;0;0;0;97948
0;0;0;0;0;1;98873
0;0;0;1;0;0;83759
0;0;0;0;0;1;98312
0;0;1;0;0;0;98546
0;0;1;0;0;0;83850
0;0;0;1;0;0;83635
0;0;1;0;0;0;97567
0;0;0;1;0;0;83892
0;0;0;1;0;0;97593
0;0;0;0;1;0;83735
0;0;0;1;0;0;83622
0;0;0;0;1;0;83772
0;0;0;1;0;0;83721
0;0;0;1;0;0;83645
0;0;0;0;1;0;97810
0;0;0;0;1;0;83734
0;0;0;0;1;0;83771
0;0;0;0;1;0;83803
0;0;0;0;1;0;97816
0;0;0;0;1;0;83653
0;0;0;0;1;0;98784
1;0;0;0;0;0;83463
0;0;0;0;1;0;83673
0;0;0;0;0;1;97731
0;0;1;0;0;0;83452
0;0;0;0;1;0;83666
0;0;0;0;1;0;83971
0;1;0;0;0;0;83408
0;0;0;0;0;1;98328
0;1;0;0;0;0;98326
0;0;0;0;1;0;83404
0;0;0;0;0;1;98986
0;0;0;0;1;0;98090
0;1;0;0;0;0;83688
0;0;0;0;1;0;97960
0;0;0;0;0;1;83752
0;0;0;0;0;1;97621
0;0;0;0;0;1;97952
0;0;0;0;0;1;83699
0;0;1;0;0;0;98947
0;0;0;0;0;1;83933
1;0;0;0;0;0;83983
0;0;0;0;0;1;83761
0;0;0;0;0;1;83679
0;0;0;0;0;1;97917
0;0;0;0;0;1;83442
0;0;0;0;0;1;83779
0;0;0;0;0;1;83430
0;0;0;0;0;1;83900
0;0;0;0;0;1;83827
0;0;0;0;0;1;83964
0;0;0;0;0;1;83754
0;0;0;0;0;1;83410
0;0;0;0;0;1;83931
0;0;0;0;0;1;83987
0;0;0;0;0;1;83935
0;0;0;0;0;1;83906
0;0;0;1;0;0;98184
0;0;0;0;0;1;97582
0;0;0;0;1;0;83902
0;0;0;0;0;1;83945
0;0;0;0;1;0;83888
0;0;0;0;1;0;98114
0;0;0;0;0;1;97987
1;0;0;0;0;0;83981
0;0;0;0;0;1;83769
1;0;0;0;0;0;83873
0;0;0;0;1;0;83886
0;0;1;0;0;0;83985
0;0;0;0;1;0;83643
0;0;0;0;1;0;98108
1;0;0;0;0;0;83794
0;0;0;0;0;1;83915
0;0;0;1;0;0;83951
0;0;0;1;0;0;83687
0;0;1;0;0;0;98915
0;0;0;1;0;0;83901
0;0;1;0;0;0;98834
0;0;0;1;0;0;98511
0;1;0;0;0;0;97574
0;0;1;0;0;0;98323
0;0;0;0;0;1;83877
0;0;1;0;0;0;98916
0;0;0;1;0;0;83729
0;0;0;1;0;0;97661
0;0;0;0;0;1;83813
0;0;0;0;1;0;83879
0;0;1;0;0;0;97782
0;1;0;0;0;0;98321
0;0;1;0;0;0;98943
0;0;1;0;0;0;97781
0;0;1;0;0;0;97581
0;0;1;0;0;0;97598
0;0;0;0;1;0;83898
1;0;0;0;0;0;98791
0;0;1;0;0;0;83407
0;0;1;0;0;0;97657
0;0;0;0;1;0;97527
0;0;1;0;0;0;98279
0;0;1;0;0;0;98286
0;0;1;0;0;0;83760
0;1;0;0;0;0;97659
0;0;1;0;0;0;97682
0;0;0;1;0;0;83896
0;0;0;1;0;0;98521
0;0;0;1;0;0;83897
0;0;0;1;0;0;98520
0;0;0;1;0;0;83839
0;0;0;1;0;0;98529
0;1;0;0;0;0;98188
0;0;0;1;0;0;97530
0;0;0;1;0;0;98122
0;0;1;0;0;0;98828
0;0;0;1;0;0;97532
0;1;0;0;0;0;97971
0;0;0;0;1;0;83450
0;0;1;0;0;0;83762
0;1;0;0;0;0;98187
0;1;0;0;0;0;83992
0;0;0;1;0;0;83634
1;0;0;0;0;0;83697
0;1;0;0;0;0;98782
0;1;0;0;0;0;83740
0;1;0;0;0;0;97660
0;0;1;0;0;0;83765
0;0;1;0;0;0;83937
0;0;1;0;0;0;98528
0;0;1;0;0;0;83675
0;0;0;0;1;0;83648
0;1;0;0;0;0;83677
1;0;0;0;0;0;83883
0;0;1;0;0;0;83678
0;0;0;0;1;0;83649
0;0;0;0;1;0;98366
0;0;0;0;0;1;83732
0;0;0;0;1;0;98331
0;0;0;0;1;0;83998
0;0;1;0;0;0;83842
0;1;0;0;0;0;97529
0;1;0;0;0;0;83869
0;0;1;0;0;0;98886
0;0;0;0;0;1;98363
0;0;0;0;1;0;83432
0;0;0;0;1;0;98181
0;1;0;0;0;0;83738
0;0;1;0;0;0;97565
0;0;1;0;0;0;83919
1;0;0;0;0;0;83764
0;0;0;0;1;0;98799
1;0;0;0;0;0;83884
0;0;1;0;0;0;83952
0;1;0;0;0;0;98362
0;0;1;0;0;0;98111
0;0;0;0;0;1;97528
0;1;0;0;0;0;98351
0;0;0;0;0;1;83660
0;0;0;0;1;0;83641
0;1;0;0;0;0;83996
0;0;1;0;0;0;97589
0;0;1;0;0;0;83658
0;0;1;0;0;0;98883
0;0;1;0;0;0;98884
0;0;1;0;0;0;83657
0;0;1;0;0;0;83980
1;0;0;0;0;0;83916
0;0;1;0;0;0;83905
0;0;1;0;0;0;83844
0;0;0;0;0;1;83994
0;1;0;0;0;0;83770
0;0;0;0;0;1;97831
0;0;0;0;0;1;97830
0;0;0;0;0;1;97738
0;0;0;0;1;0;83631
0;0;0;0;1;0;83664
0;0;0;0;1;0;83426
0;0;0;0;1;0;98939
0;0;0;0;0;1;97671
0;0;0;0;1;0;83768
0;0;0;0;1;0;98157
0;0;0;0;0;1;83659
0;0;0;0;1;0;97514
0;0;0;0;1;0;83995
0;0;0;0;1;0;83720
0;0;0;0;1;0;97833
0;0;0;0;1;0;83461
0;0;0;0;0;1;83661
0;0;0;0;0;1;97603
0;0;0;0;0;1;98987
0;0;0;0;1;0;98826
0;0;0;0;0;1;83806
0;0;0;0;1;0;83429
0;0;0;0;1;0;98872
0;0;0;0;1;0;83880
0;0;0;0;1;0;97807
0;0;1;0;0;0;98833
0;1;0;0;0;0;98835
0;1;0;0;0;0;98824
0;1;0;0;0;0;83662
0;1;0;0;0;0;98792
0;0;1;0;0;0;98287
0;1;0;0;0;0;98815
0;1;0;0;0;0;83458
0;1;0;0;0;0;83723
0;1;0;0;0;0;98335
1;0;0;0;0;0;97880
0;1;0;0;0;0;98560
0;1;0;0;0;0;98353
0;1;0;0;0;0;83967
0;1;0;0;0;0;97881
0;1;0;0;0;0;98831
0;1;0;0;0;0;98295
1;0;0;0;0;0;83437
1;0;0;0;0;0;98319
1;0;0;0;0;0;97655
0;1;0;0;0;0;83715
0;1;0;0;0;0;98868
0;0;0;0;0;1;98156
0;1;0;0;0;0;97956
0;1;0;0;0;0;83415
1;0;0;0;0;0;98285
0;1;0;0;0;0;97969
0;1;0;0;0;0;97676
0;1;0;0;0;0;98327
0;0;0;1;0;0;98787
0;0;0;0;0;1;97638
0;0;0;0;0;1;98259
0;1;0;0;0;0;98796
0;1;0;0;0;0;98788
1;0;0;0;0;0;83961
0;1;0;0;0;0;98810
1;0;0;0;0;0;98823
1;0;0;0;0;0;98265
1;0;0;0;0;0;98544
0;0;0;0;1;0;97585
0;0;1;0;0;0;98935
1;0;0;0;0;0;97586
0;1;0;0;0;0;83455
0;0;0;0;0;1;83422
0;0;0;0;1;0;83436
0;0;1;0;0;0;98104
0;0;0;0;1;0;83719
0;0;0;0;1;0;98103
0;0;0;0;1;0;83834
0;1;0;0;0;0;83912
0;0;0;0;1;0;83405
0;0;0;0;1;0;83412
0;1;0;0;0;0;98903
0;0;0;1;0;0;97801
0;0;0;0;1;0;83691
0;0;0;0;1;0;83891
0;0;0;0;1;0;83890
0;0;0;0;1;0;98867
0;0;0;0;1;0;83406
0;1;0;0;0;0;98356
1;0;0;0;0;0;97654
0;0;0;1;0;0;98941
0;0;0;1;0;0;97898
0;0;1;0;0;0;83401
0;1;0;0;0;0;98468
0;0;0;1;0;0;98266
0;0;0;1;0;0;83904
0;0;0;0;1;0;97900
0;0;0;0;1;0;97899
0;0;0;1;0;0;97814
0;1;0;0;0;0;83838
0;1;0;0;0;0;83682
0;0;0;1;0;0;83449
0;0;0;1;0;0;83414
0;0;0;1;0;0;83714
0;0;0;1;0;0;97592
0;1;0;0;0;0;97935
0;1;0;0;0;0;83929
0;0;0;1;0;0;97893
0;0;0;0;1;0;83960
0;0;0;1;0;0;97703
0;0;1;0;0;0;98186
0;0;0;1;0;0;97701
0;0;0;0;0;1;97895
0;0;0;1;0;0;98584
0;1;0;0;0;0;98465
0;0;0;1;0;0;97746
0;0;0;1;0;0;98655
0;0;0;1;0;0;83793
0;0;0;1;0;0;98790
0;0;0;0;0;1;83756
0;1;0;0;0;0;98800
0;0;0;1;0;0;98863
0;0;0;0;1;0;98861
0;1;0;0;0;0;83943
0;0;0;1;0;0;98315
0;1;0;0;0;0;98811
0;1;0;0;0;0;83445
0;1;0;0;0;0;98333
0;0;1;0;0;0;83446
0;0;0;0;1;0;83418
0;0;0;0;1;0;98098
0;0;1;0;0;0;83944
0;0;0;0;1;0;83654
0;0;1;0;0;0;97588
0;0;0;0;1;0;98652
0;0;0;0;1;0;008117
0;0;0;0;1;0;008088
0;0;0;0;1;0;008086
0;0;1;0;0;0;006338
0;0;1;0;0;0;006316
0;0;0;0;1;0;015108
0;0;0;0;1;0;004185
0;0;0;0;0;1;006270
0;0;0;0;1;0;008127
0;0;0;0;1;0;008070
0;0;0;0;1;0;008024
0;0;0;0;1;0;010125
0;0;0;0;1;0;006581
1;0;0;0;0;0;006217
0;0;0;1;0;0;006896
0;0;1;0;0;0;006991
0;0;0;0;0;1;006610
0;0;0;1;0;0;010098
0;0;0;1;0;0;006537
0;0;0;1;0;0;010050
0;0;0;0;1;0;003408
0;0;0;0;1;0;001667
0;0;0;0;1;0;001633
1;0;0;0;0;0;006845
0;0;0;0;0;1;006444
0;0;0;0;1;0;006226
0;0;1;0;0;0;006992
0;0;1;0;0;0;006783
0;0;1;0;0;0;006340
0;0;0;0;1;0;010017
0;0;0;0;1;0;006787
0;1;0;0;0;0;010067
0;1;0;0;0;0;010165
0;0;0;0;1;0;010181
0;0;0;0;1;0;006536
0;0;1;0;0;0;010218
0;0;0;1;0;0;005104
0;0;0;1;0;0;005096
0;0;0;1;0;0;005075
0;0;1;0;0;0;006666
0;0;0;0;1;0;004533
0;0;0;1;0;0;000731
0;0;0;1;0;0;000710
0;0;0;1;0;0;006525
0;0;0;1;0;0;006286
0;0;0;1;0;0;006070
0;0;0;0;1;0;002104
0;0;0;1;0;0;006905
0;0;1;0;0;0;006789
0;0;1;0;0;0;002349
0;1;0;0;0;0;002417
0;0;0;0;0;1;006186
0;0;0;0;0;1;009371
0;0;0;0;0;1;009264
0;0;0;0;0;1;001262
0;1;0;0;0;0;000525
0;0;0;0;1;0;000527
0;0;0;0;1;0;000538
0;0;0;0;1;0;000539
0;0;0;0;0;1;000553
0;1;0;0;0;0;000565
0;0;0;0;1;0;000566
0;1;0;0;0;0;000568
0;0;1;0;0;0;000569
0;0;0;1;0;0;000570
0;0;0;1;0;0;000753
0;0;0;1;0;0;000851
0;0;0;0;1;0;000909
0;0;1;0;0;0;000929
0;0;0;1;0;0;000949
0;0;0;0;1;0;000952
0;0;0;1;0;0;000955
0;0;0;0;0;1;001282
0;0;0;0;0;1;001303
0;0;0;0;0;1;001327
0;0;0;0;0;1;001339
0;0;0;0;0;1;001353
0;1;0;0;0;0;001532
0;0;0;0;1;0;001603
0;1;0;0;0;0;001620
0;0;0;0;1;0;001640
0;1;0;0;0;0;001648
0;0;0;0;1;0;001650
0;0;0;0;1;0;001652
0;0;0;0;1;0;001658
0;0;0;0;1;0;002164
0;0;0;0;1;0;002180
0;0;0;0;1;0;002204
0;0;0;0;1;0;002209
0;0;0;0;1;0;002220
0;0;1;0;0;0;002325
0;0;1;0;0;0;002328
0;0;0;1;0;0;002345
0;0;0;1;0;0;002350
0;0;0;1;0;0;002352
0;0;0;1;0;0;002353
0;0;0;1;0;0;002358
0;0;0;1;0;0;002363
0;0;0;0;1;0;002419
0;0;0;1;0;0;002727
0;0;0;1;0;0;002735
0;0;0;1;0;0;002740
0;0;0;1;0;0;002753
0;0;0;1;0;0;002756
0;0;0;0;0;1;002789
0;0;0;0;0;1;002793
1;0;0;0;0;0;003347
1;0;0;0;0;0;003597
0;0;0;1;0;0;003600
1;0;0;0;0;0;003671
0;0;0;0;1;0;003676
0;1;0;0;0;0;003686
0;0;1;0;0;0;003687
0;0;0;0;1;0;003715
0;0;1;0;0;0;003739
0;0;0;0;1;0;003812
0;0;0;0;1;0;003815
1;0;0;0;0;0;003871
0;0;0;0;1;0;004075
0;0;0;0;1;0;004167
0;0;0;0;1;0;004183
0;0;0;0;1;0;004205
0;1;0;0;0;0;004306
0;0;1;0;0;0;004565
0;0;0;1;0;0;004840
0;0;0;1;0;0;004841
0;0;0;1;0;0;004855
0;0;0;1;0;0;005084
0;0;0;1;0;0;005547
0;0;0;0;1;0;005555
0;0;0;0;1;0;005608
0;0;0;1;0;0;005623
0;1;0;0;0;0;006005
0;0;1;0;0;0;006010
0;0;1;0;0;0;006056
0;0;1;0;0;0;006068
0;1;0;0;0;0;006100
0;1;0;0;0;0;006116
1;0;0;0;0;0;006131
0;0;0;0;0;1;006138
0;0;0;1;0;0;006147
0;0;0;0;0;1;006150
0;0;0;0;1;0;006182
1;0;0;0;0;0;006187
0;0;1;0;0;0;006198
0;0;0;0;1;0;006212
0;0;0;0;1;0;006230
0;1;0;0;0;0;006247
0;0;1;0;0;0;006250
0;1;0;0;0;0;006278
0;1;0;0;0;0;006281
0;0;0;1;0;0;006288
0;0;0;0;0;1;006304
0;0;0;0;1;0;006330
0;0;0;1;0;0;006364
0;1;0;0;0;0;006365
0;0;0;1;0;0;006381
0;0;0;1;0;0;006387
0;0;0;0;1;0;006397
0;1;0;0;0;0;006416
0;0;0;0;1;0;006429
0;0;0;0;0;1;006431
0;0;1;0;0;0;006438
0;0;0;0;1;0;006480
0;1;0;0;0;0;006496
0;1;0;0;0;0;006498
0;1;0;0;0;0;006506
0;1;0;0;0;0;006510
0;0;0;0;1;0;006512
0;0;0;0;0;1;006517
0;0;1;0;0;0;006526
0;0;1;0;0;0;006527
0;0;1;0;0;0;006577
0;1;0;0;0;0;006578
0;1;0;0;0;0;006588
0;0;1;0;0;0;006676
0;0;0;0;1;0;006690
0;0;1;0;0;0;006728
0;0;0;0;1;0;006734
0;0;0;0;1;0;006735
0;0;0;0;1;0;006737
0;0;0;0;1;0;006738
0;0;1;0;0;0;006763
0;0;1;0;0;0;006770
0;0;0;0;1;0;006786
0;0;1;0;0;0;006794
0;0;1;0;0;0;006799
0;0;0;0;1;0;006817
0;0;0;1;0;0;006836
0;0;1;0;0;0;006877
0;1;0;0;0;0;006883
0;0;1;0;0;0;006888
0;0;0;0;1;0;006889
1;0;0;0;0;0;006904
0;1;0;0;0;0;006915
0;0;0;0;1;0;006927
0;0;0;0;1;0;006934
0;0;0;0;1;0;006948
0;0;0;1;0;0;006969
0;1;0;0;0;0;006973
0;1;0;0;0;0;006985
0;1;0;0;0;0;006994
0;0;0;1;0;0;006997
0;0;0;0;1;0;006999
0;0;0;0;1;0;008062
0;0;0;0;1;0;008096
0;0;0;0;1;0;008098
0;0;0;0;1;0;008114
0;0;0;0;0;1;009084
0;0;0;0;1;0;009226
0;0;0;0;0;1;009234
0;0;0;0;0;1;009242
0;0;0;0;0;1;009305
0;0;0;0;0;1;009349
0;0;0;0;0;1;009380
0;0;1;0;0;0;009388
0;0;0;0;0;1;009401
0;0;0;0;0;1;009406
0;0;0;0;0;1;009415
0;0;1;0;0;0;009417
0;0;0;0;0;1;009426
0;0;0;0;0;1;009429
0;0;0;0;0;1;009436
0;0;0;0;1;0;010007
0;0;0;0;1;0;010009
0;0;0;0;1;0;010043
0;0;0;0;1;0;010044
0;0;0;1;0;0;010056
0;0;0;0;0;1;010060
0;0;0;0;1;0;010096
0;0;0;0;1;0;010103
0;0;1;0;0;0;010104
0;0;0;1;0;0;010112
0;0;1;0;0;0;010118
0;0;0;1;0;0;010152
0;0;0;0;1;0;010176
0;1;0;0;0;0;010184
0;0;0;1;0;0;010193
0;0;0;0;1;0;010197
0;0;1;0;0;0;010198
1;0;0;0;0;0;010226
1;0;0;0;0;0;015107
1;0;0;0;0;0;015129
0;0;0;0;0;1;024003
0;0;0;0;0;1;024004
0;0;0;0;0;1;024005
0;0;0;0;0;1;024008
0;0;0;0;0;1;024009
0;0;0;1;0;0;024013
0;0;0;0;0;1;024014
0;0;0;1;0;0;024017
0;0;0;0;0;1;024027
0;0;0;0;0;1;024028
0;0;1;0;0;0;024029
0;0;0;0;0;1;024030
0;0;0;0;0;1;000590
0;0;0;0;1;0;000591
0;0;1;0;0;0;000594
0;0;0;0;1;0;000599
0;1;0;0;0;0;006274
0;0;1;0;0;0;010019
0;1;0;0;0;0;014600
0;0;0;0;0;1;014602
